{"cameraMode":{"drawMode":0,"name":"Shaded","section":"Shading Mode"},"sceneLighting":true,"audioPlay":false,"sceneViewState":{"showFog":true,"showMaterialUpdate":false,"showSkybox":true,"showFlares":true,"showImageEffects":true,"showParticleSystems":true},"in2DMode":false,"pivot":{"x":0.5265648365020752,"y":-0.2383858561515808,"z":77.13390350341797},"rotation":{"x":-0.006307126488536596,"y":-0.02789849229156971,"z":0.00017610902432352304,"w":-0.9995913505554199},"size":2.365156650543213,"orthographic":false}